MAE,MAPE,order,aic,weighted_growth
,,,,
117.21320226289217,17.12493591202924,"(0, 1, 1)",98.2284591883471,
,,,,0.1966148894672154
