period,mean_growth,std_growth,min_growth,max_growth,years
full,0.09655150215719209,0.3128326147659412,-0.33873489694385217,0.48896870189840924,
pre_covid,,,,,10.0
covid,-0.16208082545141866,,,,2.0
recovery,0.19705201114667137,0.1559871446717743,,,4.0
