year,revenue,ebitda,ebit,da,capex,dnwc,fcff,pv_fcff
1,1100000000.0,170500000.00000003,126500000.00000003,44000000.0,44000000.0,11000000.0,83875000.00000003,78365146.54632773
2,1190750000.0,190520000.0,142890000.0,47630000.0,46439250.0,11907500.0,96450750.0,84195027.4501244
3,1268148750.0,209244543.74999997,158518593.74999997,50725950.0,48189652.50000001,12681487.5,108743755.31249997,88690188.38661483
4,1328385815.6250002,225825588.65625006,172690156.03125006,53135432.62500001,49150275.17812502,13283858.156250002,120218916.31406254,91608226.70367844
5,1368237390.0937502,239441543.26640627,184712047.66265625,54729495.60375001,49256546.043375015,13682373.900937503,130324611.40642968,92785160.46526851
